"GEOID","suffix","n"
"01001","DR",351
"01003","LN",1663
"01005","RD",522
"01007","RD",378
"01009","RD",942
"01011","RD",172
"01013","RD",614
"01015","ST",929
"01017","ST",290
"01019","ST",183
"01021","ST",174
"01023","RD",671
"01025","RD",787
"01027","RD",603
"01029","ST",108
"01031","ST",377
"01033","ST",580
"01035","RD",392
"01037","RD",270
"01039","RD",1133
"01041","RD",584
"01043","RD",216
"01045","ST",442
"01047","ST",281
"01049","ST",304
"01051","RD",1113
"01053","RD",734
"01055","RD",942
"01057","RD",452
"01059","RD",638
"01061","RD",730
"01063","RD",179
"01065","RD",380
"01067","ST",153
"01069","RD",886
"01071","ST",435
"01073","DR",3475
"01075","RD",601
"01077","DR",557
"01079","ST",149
"01081","DR",573
"01083","RD",668
"01085","RD",433
"01087","RD",315
"01089","DR",1586
"01091","RD",258
"01093","RD",757
"01095","RD",1151
"01097","DR",2455
"01099","RD",777
"01101","DR",1202
"01103","SW",892
"01105","RD",271
"01107","RD",641
"01109","ST",257
"01111","DR",218
"01113","RD",498
"01115","RD",1022
"01117","DR",1574
"01119","RD",297
"01121","LN",1027
"01123","RD",1074
"01125","DR",1724
"01127","RD",1658
"01129","RD",978
"01131","RD",423
"01133","RD",303
"02013","RD",61
"02016","RD",117
"02020","CIR",1404
"02050","RD",251
"02060","RD",123
"02063","RD",106
"02066","RD",113
"02068","RD",152
"02070","RD",131
"02090","RD",779
"02100","RD",83
"02105","RD",47
"02110","ST",227
"02122","ST",986
"02130","RD",123
"02150","ST",95
"02158","ST",116
"02164","RD",172
"02170","DR",1750
"02180","RD",176
"02185","ST",127
"02188","ST",96
"02195","ST",72
"02198","ST",156
"02220","ST",88
"02230","AVE",24
"02240","RD",235
"02275","ST",40
"02282","RD",34
"02290","RD",305
"04001","RD",714
"04003","RD",2350
"04005","RD",1507
"04007","DR",810
"04009","RD",422
"04011","RD",203
"04012","RD",427
"04013","DR",24478
"04015","DR",3637
"04017","RD",1626
"04019","DR",4509
"04021","DR",3860
"04023","CT",726
"04025","RD",3086
"04027","ST",1255
"05001","RD",440
"05003","RD",393
"05005","LN",896
"05007","LN",2769
"05009","LN",476
"05011","RD",616
"05013","RD",64
"05015","RD",296
"05017","ST",309
"05019","RD",1010
"05021","ST",439
"05023","RD",550
"05025","RD",404
"05027","ST",399
"05029","RD",518
"05031","RD",1050
"05033","ST",452
"05035","RD",558
"05037","RD",174
"05039","ST",184
"05041","ST",307
"05043","RD",284
"05045","DR",1093
"05047","RD",396
"05049","LN",498
"05051","LN",1145
"05053","ST",154
"05055","RD",435
"05057","RD",471
"05059","RD",666
"05061","PVT",771
"05063","LN",593
"05065","RD",260
"05067","ST",330
"05069","ST",915
"05071","RD",374
"05073","ST",248
"05075","ST",449
"05077","ST",129
"05079","RD",283
"05081","ST",258
"05083","RD",489
"05085","RD",735
"05087","RD",82
"05089","LN",718
"05091","ST",517
"05093","ST",779
"05095","RD",228
"05097","RD",479
"05099","RD",347
"05101","RD",187
"05103","SW",217
"05105","LN",250
"05107","ST",248
"05109","RD",737
"05111","RD",379
"05113","RD",948
"05115","LN",725
"05117","RD",626
"05119","DR",2528
"05121","RD",418
"05123","ST",231
"05125","DR",1114
"05127","RD",582
"05129","RD",595
"05131","ST",1332
"05133","RD",347
"05135","RD",542
"05137","RD",417
"05139","RD",570
"05141","RD",674
"05143","RD",1614
"05145","RD",965
"05147","ST",162
"05149","RD",656
"06001","CT",3713
"06003","RD",115
"06005","RD",606
"06007","RD",1356
"06009","RD",998
"06011","RD",398
"06013","CT",6233
"06015","RD",316
"06017","RD",1931
"06019","AVE",10990
"06021","ST",223
"06023","RD",1946
"06025","RD",1327
"06027","RD",661
"06029","ST",5052
"06031","AVE",987
"06033","RD",1419
"06035","RD",761
"06037","AVE",20791
"06039","RD",651
"06041","RD",996
"06043","RD",790
"06045","RD",1405
"06047","CT",1198
"06049","RD",853
"06051","RD",540
"06053","RD",1459
"06055","CT",528
"06057","RD",1578
"06059","DR",6617
"06061","CT",2721
"06063","RD",664
"06065","DR",7979
"06067","WAY",6333
"06069","RD",362
"06071","RD",11449
"06073","ST",6054
"06075","ST",1477
"06077","CT",2131
"06079","RD",2208
"06081","AVE",1862
"06083","RD",1570
"06085","CT",6082
"06087","RD",1496
"06089","RD",1911
"06091","RD",368
"06093","RD",1424
"06095","CT",2338
"06097","RD",2844
"06099","CT",1967
"06101","RD",405
"06103","RD",822
"06105","RD",1026
"06107","AVE",2867
"06109","RD",1245
"06111","ST",2571
"06113","ST",686
"06115","RD",411
"08001","ST",2652
"08003","ST",141
"08005","ST",2321
"08007","CT",311
"08009","ST",135
"08011","ST",78
"08013","DR",1222
"08014","ST",277
"08015","ST",200
"08017","S",32
"08019","RD",271
"08021","ST",140
"08023","RD",554
"08025","ST",57
"08027","RD",261
"08029","RD",750
"08031","ST",2487
"08033","ST",49
"08035","DR",1557
"08037","RD",585
"08039","CIR",216
"08041","DR",3271
"08043","ST",372
"08045","RD",308
"08047","RD",259
"08049","DR",286
"08051","RD",255
"08053","ST",41
"08055","RD",173
"08057","ST",33
"08059","ST",2974
"08061","ST",80
"08063","ST",146
"08065","ST",96
"08067","DR",537
"08069","DR",2772
"08071","ST",294
"08073","ST",93
"08075","ST",201
"08077","RD",1310
"08079","RD",89
"08081","ST",157
"08083","ST",240
"08085","RD",899
"08087","ST",232
"08089","ST",237
"08091","LN",95
"08093","RD",959
"08095","AVE",73
"08097","RD",411
"08099","ST",231
"08101","DR",1243
"08103","ST",77
"08105","RD",172
"08107","LN",215
"08109","TRL",132
"08111","ST",59
"08113","RD",379
"08115","ST",57
"08117","RD",427
"08119","RD",411
"08121","AVE",56
"08123","ST",1570
"08125","ST",223
"09110","RD",4065
"09120","RD",1128
"09130","RD",1853
"09140","RD",1981
"09150","RD",1155
"09160","RD",1793
"09170","RD",2166
"09180","RD",1685
"09190","RD",3601
"10001","DR",1089
"10003","DR",2465
"10005","RD",2101
"11001","NW",1434
"12001","AVE",2245
"12003","RD",634
"12005","DR",982
"12007","ST",594
"12009","DR",2439
"12011","ST",6448
"12013","RD",526
"12015","AVE",1636
"12017","CT",1114
"12019","CT",996
"12021","DR",1264
"12023","RD",872
"12027","AVE",552
"12029","ST",922
"12031","DR",3004
"12033","DR",2067
"12035","LN",668
"12037","ST",375
"12039","RD",701
"12041","ST",277
"12043","RD",231
"12045","RD",366
"12047","ST",146
"12049","RD",428
"12051","ST",506
"12053","RD",1057
"12055","RD",1414
"12057","DR",5735
"12059","RD",460
"12061","AVE",784
"12063","RD",806
"12065","RD",397
"12067","RD",424
"12069","DR",2035
"12071","CT",3249
"12073","DR",1489
"12075","ST",895
"12077","RD",292
"12079","RD",472
"12081","E",3132
"12083","ST",2747
"12085","ST",559
"12086","ST",8443
"12087","DR",610
"12089","RD",865
"12091","DR",1159
"12093","ST",673
"12095","DR",4894
"12097","DR",1325
"12099","DR",4691
"12101","DR",3775
"12103","N",3960
"12105","DR",3581
"12107","ST",1182
"12109","DR",1328
"12111","ST",1256
"12113","RD",1329
"12115","DR",2629
"12117","CT",1774
"12119","ST",653
"12121","RD",607
"12123","RD",674
"12125","LN",206
"12127","DR",2722
"12129","RD",437
"12131","RD",1232
"12133","RD",740
"13001","RD",669
"13003","LN",253
"13005","RD",332
"13007","RD",252
"13009","RD",240
"13011","RD",351
"13013","DR",425
"13015","SE",503
"13017","RD",350
"13019","RD",628
"13021","DR",1004
"13023","RD",276
"13025","RD",555
"13027","RD",368
"13029","RD",388
"13031","RD",1016
"13033","RD",487
"13035","RD",336
"13037","RD",135
"13039","RD",389
"13043","RD",314
"13045","RD",777
"13047","LN",763
"13049","RD",332
"13051","ST",1227
"13053","RD",231
"13055","RD",392
"13057","DR",1259
"13059","DR",550
"13061","RD",161
"13063","DR",1182
"13065","RD",332
"13067","DR",2828
"13069","RD",928
"13071","RD",609
"13073","DR",825
"13075","RD",305
"13077","DR",741
"13079","RD",204
"13081","RD",303
"13083","RD",249
"13085","RD",360
"13087","RD",552
"13089","DR",2129
"13091","RD",440
"13093","RD",381
"13095","AVE",425
"13097","DR",821
"13099","RD",346
"13101","RD",206
"13103","DR",446
"13105","RD",415
"13107","RD",565
"13109","RD",342
"13111","RD",749
"13113","DR",540
"13115","ST",376
"13117","DR",1255
"13119","RD",564
"13121","DR",2005
"13123","RD",756
"13125","RD",174
"13127","DR",622
"13129","SE",328
"13131","RD",258
"13133","RD",368
"13135","CT",2664
"13137","RD",632
"13139","DR",1339
"13141","RD",455
"13143","RD",549
"13145","RD",387
"13147","RD",781
"13149","RD",287
"13151","DR",1226
"13153","DR",992
"13155","RD",331
"13157","RD",626
"13159","RD",330
"13161","RD",467
"13163","RD",369
"13165","RD",328
"13167","RD",277
"13169","RD",344
"13171","RD",248
"13173","RD",235
"13175","RD",745
"13177","DR",187
"13179","RD",458
"13181","RD",209
"13183","RD",303
"13185","DR",638
"13187","RD",575
"13189","RD",227
"13191","RD",323
"13193","RD",336
"13195","RD",609
"13197","RD",246
"13199","RD",464
"13201","RD",241
"13205","RD",353
"13207","RD",319
"13209","RD",201
"13211","RD",253
"13213","RD",395
"13215","DR",1178
"13217","DR",437
"13219","RD",320
"13221","RD",343
"13225","RD",224
"13227","RD",482
"13229","RD",431
"13231","RD",321
"13233","RD",523
"13235","RD",298
"13237","DR",199
"13239","RD",113
"13241","LN",1083
"13243","RD",231
"13245","DR",1158
"13247","SE",653
"13249","RD",144
"13251","RD",393
"13253","RD",206
"13255","RD",404
"13257","RD",566
"13259","RD",186
"13261","RD",351
"13263","RD",280
"13265","RD",59
"13267","RD",805
"13269","RD",377
"13271","RD",243
"13273","RD",207
"13275","ST",569
"13277","RD",515
"13279","RD",493
"13281","RD",480
"13283","RD",248
"13285","RD",424
"13287","RD",253
"13289","RD",270
"13291","RD",922
"13293","RD",331
"13295","DR",602
"13297","DR",468
"13299","ST",493
"13301","RD",197
"13303","RD",382
"13305","RD",566
"13307","RD",179
"13309","RD",172
"13311","DR",629
"13313","DR",853
"13315","RD",303
"13317","RD",256
"13319","RD",288
"13321","RD",422
"15001","ST",1420
"15003","ST",3802
"15005","ST",19
"15007","RD",605
"15009","PL",1162
"16001","ST",3337
"16003","RD",239
"16005","RD",579
"16007","RD",229
"16009","RD",341
"16011","RD",691
"16013","RD",457
"16015","RD",680
"16017","RD",1486
"16019","DR",827
"16021","RD",482
"16023","N",70
"16025","RD",120
"16027","AVE",999
"16029","RD",388
"16031","RD",295
"16033","RD",167
"16035","RD",403
"16037","RD",317
"16039","RD",645
"16041","RD",171
"16043","RD",447
"16045","RD",138
"16047","E",166
"16049","RD",1008
"16051","N",380
"16053","E",177
"16055","RD",1448
"16057","RD",525
"16059","RD",885
"16061","RD",229
"16063","RD",149
"16065","RD",176
"16067","RD",245
"16069","RD",465
"16071","RD",164
"16073","RD",439
"16075","ST",173
"16077","RD",342
"16079","RD",439
"16081","RD",301
"16083","N",443
"16085","RD",472
"16087","RD",223
"17001","ST",1096
"17003","RD",254
"17005","ST",430
"17007","DR",245
"17009","E",201
"17011","ST",1637
"17013","RD",181
"17015","ST",373
"17017","RD",385
"17019","DR",1397
"17021","ST",734
"17023","ST",626
"17025","E",316
"17027","ST",643
"17029","ST",478
"17031","AVE",11912
"17033","ST",658
"17035","ST",184
"17037","ST",737
"17039","RD",731
"17041","ST",375
"17043","CT",3365
"17045","ST",648
"17047","ST",199
"17049","ST",738
"17051","ST",528
"17053","RD",331
"17055","ST",1151
"17057","RD",887
"17059","RD",226
"17061","ST",309
"17063","ST",480
"17065","E",334
"17067","ST",638
"17069","ST",83
"17071","ST",268
"17073","ST",1060
"17075","RD",1085
"17077","RD",942
"17079","ST",471
"17081","RD",636
"17083","RD",384
"17085","RD",519
"17087","LN",277
"17089","DR",1747
"17091","RD",816
"17093","DR",544
"17095","ST",839
"17097","CT",2795
"17099","ST",1623
"17101","ST",246
"17103","RD",496
"17105","RD",669
"17107","ST",989
"17109","ST",828
"17111","DR",1752
"17113","RD",1394
"17115","ST",903
"17117","ST",1314
"17119","ST",1899
"17121","ST",727
"17123","ST",328
"17125","ST",458
"17127","RD",234
"17129","ST",385
"17131","ST",544
"17133","RD",383
"17135","ST",805
"17137","RD",592
"17139","ST",358
"17141","RD",696
"17143","ST",941
"17145","RD",555
"17147","ST",462
"17149","ST",879
"17151","RD",211
"17153","RD",219
"17155","ST",222
"17157","ST",781
"17159","N",278
"17161","AVE",1099
"17163","DR",2245
"17165","RD",556
"17167","ST",1369
"17169","RD",328
"17171","RD",227
"17173","ST",514
"17175","ST",160
"17177","RD",572
"17179","ST",1219
"17181","LN",340
"17183","RD",1421
"17185","ST",162
"17187","ST",692
"17189","ST",534
"17191","ST",289
"17193","ST",439
"17195","RD",622
"17197","DR",3247
"17199","ST",1068
"17201","DR",1334
"17203","ST",620
"18001","ST",317
"18003","DR",2131
"18005","DR",621
"18007","ST",251
"18009","ST",237
"18011","ST",338
"18013","RD",383
"18015","ST",316
"18017","ST",438
"18019","DR",722
"18021","ST",474
"18023","ST",448
"18025","RD",361
"18027","ST",361
"18029","LN",501
"18031","ST",265
"18033","ST",426
"18035","ST",778
"18037","ST",495
"18039","DR",1169
"18041","ST",203
"18043","DR",574
"18045","ST",423
"18047","RD",481
"18049","ST",261
"18051","ST",532
"18053","ST",964
"18055","ST",491
"18057","DR",2384
"18059","DR",530
"18061","NE",499
"18063","DR",1259
"18065","ST",535
"18067","ST",509
"18069","ST",429
"18071","ST",364
"18073","ST",300
"18075","ST",358
"18077","RD",327
"18079","W",268
"18081","DR",1037
"18083","RD",740
"18085","ST",797
"18087","E",264
"18089","ST",2830
"18091","ST",802
"18093","RD",674
"18095","ST",1391
"18097","DR",4582
"18099","RD",688
"18101","RD",279
"18103","ST",461
"18105","DR",829
"18107","ST",411
"18109","RD",632
"18111","ST",281
"18113","ST",492
"18115","RD",103
"18117","ST",362
"18119","RD",590
"18121","ST",271
"18123","RD",465
"18125","ST",276
"18127","DR",940
"18129","RD",503
"18131","W",265
"18133","ST",287
"18135","ST",422
"18137","ST",284
"18139","ST",285
"18141","ST",1510
"18143","RD",245
"18145","ST",349
"18147","N",343
"18149","ST",308
"18151","LAKE",394
"18153","ST",515
"18155","RD",337
"18157","DR",897
"18159","ST",227
"18161","RD",158
"18163","DR",1040
"18165","ST",386
"18167","ST",1273
"18169","ST",403
"18171","ST",175
"18173","RD",585
"18175","RD",634
"18177","ST",727
"18179","ST",262
"18181","ST",388
"18183","ST",210
"19001","ST",364
"19003","ST",177
"19005","RD",276
"19007","ST",584
"19009","ST",248
"19011","ST",382
"19013","ST",847
"19015","ST",517
"19017","ST",360
"19019","ST",414
"19021","ST",390
"19023","ST",512
"19025","ST",351
"19027","ST",513
"19029","ST",410
"19031","ST",472
"19033","ST",376
"19035","ST",334
"19037","ST",307
"19039","ST",329
"19041","ST",340
"19043","ST",536
"19045","ST",572
"19047","ST",421
"19049","ST",929
"19051","ST",481
"19053","ST",580
"19055","ST",554
"19057","ST",657
"19059","ST",376
"19061","ST",576
"19063","ST",260
"19065","ST",445
"19067","ST",293
"19069","ST",322
"19071","ST",357
"19073","ST",410
"19075","ST",306
"19077","ST",439
"19079","ST",360
"19081","ST",268
"19083","ST",503
"19085","ST",495
"19087","ST",597
"19089","ST",218
"19091","ST",260
"19093","ST",226
"19095","ST",435
"19097","ST",608
"19099","ST",446
"19101","ST",373
"19103","NE",599
"19105","ST",484
"19107","ST",664
"19109","ST",499
"19111","ST",564
"19113","NE",768
"19115","ST",445
"19117","ST",348
"19119","ST",271
"19121","ST",357
"19123","ST",594
"19125","ST",621
"19127","ST",562
"19129","ST",328
"19131","ST",372
"19133","ST",450
"19135","ST",273
"19137","ST",379
"19139","ST",692
"19141","ST",287
"19143","ST",169
"19145","ST",608
"19147","ST",319
"19149","ST",348
"19151","ST",293
"19153","ST",2886
"19155","ST",954
"19157","ST",562
"19159","ST",350
"19161","ST",425
"19163","ST",1530
"19165","ST",370
"19167","ST",342
"19169","ST",698
"19171","ST",618
"19173","ST",402
"19175","ST",440
"19177","ST",421
"19179","ST",617
"19181","ST",733
"19183","ST",445
"19185","ST",449
"19187","ST",622
"19189","ST",228
"19191","ST",394
"19193","ST",1324
"19195","ST",237
"19197","ST",290
"20001","ST",581
"20003","RD",534
"20005","RD",459
"20007","RD",312
"20009","ST",404
"20011","ST",635
"20013","ST",439
"20015","ST",999
"20017","RD",293
"20019","ST",191
"20021","ST",613
"20023","ST",76
"20025","ST",123
"20027","RD",251
"20029","RD",373
"20031","ST",343
"20033","ST",79
"20035","RD",739
"20037","ST",982
"20039","RD",98
"20041","ST",466
"20043","RD",403
"20045","RD",1100
"20047","AVE",173
"20049","ST",204
"20051","ST",394
"20053","RD",186
"20055","RD",338
"20057","RD",492
"20059","ST",386
"20061","ST",237
"20063","ST",117
"20065","AVE",247
"20067","ST",97
"20069","RD",211
"20071","RD",61
"20073","ST",727
"20075","ST",80
"20077","AVE",264
"20079","ST",493
"20081","AVE",54
"20083","RD",265
"20085","RD",409
"20087","ST",536
"20089","RD",374
"20091","ST",7402
"20093","ST",63
"20095","ST",378
"20097","ST",331
"20099","RD",397
"20101","RD",80
"20103","ST",1185
"20105","RD",115
"20107","RD",499
"20109","AVE",59
"20111","ST",367
"20113","ST",474
"20115","ST",529
"20117","RD",426
"20119","RD",294
"20121","ST",610
"20123","RD",329
"20125","ST",784
"20127","ST",254
"20129","ST",74
"20131","RD",682
"20133","RD",312
"20135","RD",370
"20137","ST",119
"20139","ST",602
"20141","AVE",256
"20143","RD",445
"20145","ST",126
"20147","RD",411
"20149","RD",564
"20151","ST",355
"20153","ST",59
"20155","RD",758
"20157","RD",225
"20159","ST",207
"20161","RD",481
"20163","RD",316
"20165","ST",142
"20167","ST",513
"20169","RD",533
"20171","RD",101
"20173","ST",4427
"20175","AVE",134
"20177","ST",1464
"20179","S",142
"20181","ST",73
"20183","RD",375
"20185","ST",197
"20187","AVE",43
"20189","ST",102
"20191","ST",517
"20193","ST",132
"20195","AVE",169
"20197","RD",401
"20199","RD",120
"20201","RD",366
"20203","ST",113
"20205","RD",586
"20207","RD",378
"20209","ST",2221
"21001","RD",1135
"21003","RD",632
"21005","RD",223
"21007","RD",280
"21009","RD",772
"21011","RD",407
"21013","RD",1079
"21015","DR",704
"21017","RD",194
"21019","ST",526
"21021","RD",218
"21023","RD",240
"21025","RD",563
"21027","RD",879
"21029","DR",532
"21031","RD",714
"21033","RD",514
"21035","DR",637
"21037","DR",340
"21039","RD",100
"21041","RD",126
"21043","RD",1097
"21045","RD",589
"21047","RD",786
"21049","LN",227
"21051","RD",895
"21053","RD",404
"21055","RD",490
"21057","RD",648
"21059","RD",475
"21061","RD",461
"21063","RD",542
"21065","RD",523
"21067","DR",1028
"21069","RD",345
"21071","RD",839
"21073","DR",326
"21075","ST",157
"21077","RD",108
"21079","RD",313
"21081","RD",297
"21083","RD",586
"21085","RD",847
"21087","RD",752
"21089","RD",804
"21091","RD",198
"21093","CT",575
"21095","RD",1088
"21097","RD",283
"21099","RD",574
"21101","RD",381
"21103","RD",306
"21105","RD",282
"21107","RD",552
"21109","RD",661
"21111","CT",2639
"21113","DR",379
"21115","RD",526
"21117","DR",822
"21119","RD",511
"21121","RD",855
"21123","RD",400
"21125","RD",1364
"21127","RD",633
"21129","RD",523
"21131","RD",555
"21133","RD",782
"21135","RD",416
"21137","RD",477
"21139","RD",407
"21141","RD",955
"21143","RD",357
"21145","DR",488
"21147","RD",1428
"21149","RD",202
"21151","DR",831
"21153","RD",921
"21155","RD",454
"21157","RD",631
"21159","RD",413
"21161","RD",181
"21163","RD",443
"21165","RD",403
"21167","RD",233
"21169","RD",550
"21171","RD",650
"21173","DR",200
"21175","RD",969
"21177","LN",500
"21179","RD",287
"21181","RD",204
"21183","RD",474
"21185","CT",427
"21187","RD",276
"21189","RD",408
"21191","RD",336
"21193","LN",642
"21195","RD",964
"21197","RD",350
"21199","RD",1587
"21201","RD",103
"21203","RD",617
"21205","RD",638
"21207","RD",736
"21209","DR",290
"21211","RD",307
"21213","RD",312
"21215","RD",204
"21217","RD",601
"21219","RD",446
"21221","RD",565
"21223","RD",232
"21225","RD",378
"21227","RD",593
"21229","LN",207
"21231","RD",695
"21233","RD",358
"21235","RD",922
"21237","RD",467
"21239","RD",161
"22001","RD",572
"22003","RD",724
"22005","RD",1035
"22007","ST",319
"22009","RD",455
"22011","RD",1615
"22013","RD",690
"22015","RD",649
"22017","ST",1667
"22019","ST",1851
"22021","RD",554
"22023","RD",413
"22025","RD",541
"22027","RD",589
"22029","RD",373
"22031","RD",718
"22033","DR",2741
"22035","RD",174
"22037","LN",218
"22039","RD",654
"22041","RD",586
"22043","RD",580
"22045","ST",805
"22047","ST",379
"22049","RD",606
"22051","ST",1954
"22053","RD",506
"22055","DR",1855
"22057","ST",1193
"22059","RD",1051
"22061","RD",501
"22063","RD",976
"22065","ST",211
"22067","RD",582
"22071","ST",1885
"22075","LN",528
"22083","RD",602
"22091","LN",428
"22093","ST",430
"22101","ST",1168
"22111","RD",1048
"22121","LN",202
"23005","RD",3864
"23009","RD",2597
"23015","RD",1769
"23025","RD",1877
"23031","RD",2764
"24009","RD",604
"24021","CT",1459
"24029","RD",397
"24035","LN",602
"24045","DR",519
"24047","RD",574
"24510","AVE",1898
"25007","RD",745
"25009","ST",4700
"25013","ST",3347
"25015","RD",963
"25021","ST",3675
"25023","ST",3074
"25025","ST",3460
"25027","ST",5426
"26001","RD",562
"26003","RD",681
"26005","ST",1155
"26007","RD",489
"26009","RD",575
"26011","RD",479
"26013","RD",509
"26015","RD",696
"26017","RD",715
"26019","RD",522
"26021","ST",1155
"26023","RD",553
"26025","ST",810
"26027","ST",720
"26029","RD",636
"26031","RD",858
"26033","RD",1145
"26035","RD",593
"26037","RD",576
"26039","RD",566
"26041","RD",687
"26043","RD",448
"26045","DR",558
"26047","RD",586
"26049","DR",2318
"26051","RD",536
"26053","RD",534
"26055","DR",776
"26057","RD",531
"26059","RD",494
"26061","RD",854
"26063","RD",543
"26065","ST",1048
"26067","ST",578
"26069","RD",803
"26071","RD",527
"26073","RD",507
"26075","RD",1103
"26077","ST",1357
"26079","NE",360
"26081","SE",3626
"26083","RD",182
"26085","RD",669
"26087","RD",692
"26089","RD",613
"26091","ST",616
"26093","DR",1768
"26095","RD",300
"26097","RD",525
"26101","RD",694
"26103","RD",730
"26105","RD",714
"26107","AVE",479
"26109","RD",450
"26111","RD",615
"26113","RD",698
"26115","DR",747
"26117","RD",1098
"26119","RD",512
"26121","ST",995
"26123","ST",778
"26125","DR",6713
"26127","RD",660
"26129","RD",735
"26131","RD",330
"26133","RD",579
"26135","RD",500
"26137","RD",505
"26139","DR",1515
"26141","RD",454
"26143","RD",646
"26145","ST",1229
"26147","ST",727
"26149","RD",658
"26151","RD",699
"26153","RD",380
"26155","ST",600
"26157","RD",743
"26159","ST",923
"26161","DR",1748
"26163","ST",9166
"26165","RD",815
"27001","PL",548
"27003","NE",3415
"27005","RD",562
"27007","NE",995
"27009","NE",469
"27011","ST",271
"27013","ST",826
"27015","ST",400
"27017","RD",722
"27019","DR",399
"27021","NW",1128
"27023","ST",136
"27025","ST",709
"27027","S",797
"27029","ST",216
"27031","RD",350
"27033","ST",231
"27035","RD",1042
"27037","CT",1280
"27039","ST",261
"27041","NW",381
"27043","ST",471
"27045","ST",488
"27047","ST",548
"27049","ST",613
"27051","ST",283
"27053","N",5314
"27055","RD",295
"27057","DR",553
"27059","NW",721
"27061","RD",1201
"27063","ST",294
"27065","ST",280
"27067","NE",434
"27069","ST",166
"27071","RD",157
"27073","ST",343
"27075","RD",577
"27077","NW",287
"27079","ST",432
"27081","ST",252
"27083","ST",602
"27085","ST",269
"27087","AVE",168
"27089","NW",388
"27091","ST",489
"27093","ST",510
"27095","ST",363
"27097","ST",455
"27099","ST",538
"27101","ST",293
"27103","ST",278
"27105","AVE",341
"27107","ST",229
"27109","NW",1346
"27111","AVE",1235
"27113","NE",187
"27115","RD",957
"27117","ST",173
"27119","SE",771
"27121","ST",420
"27123","ST",1796
"27125","SE",169
"27127","ST",487
"27129","ST",320
"27131","AVE",397
"27133","ST",398
"27135","AVE",442
"27137","RD",3328
"27139","ST",379
"27141","NW",1215
"27143","ST",382
"27145","ST",924
"27147","NE",239
"27149","ST",252
"27151","SW",192
"27153","AVE",411
"27155","ST",156
"27157","ST",471
"27159","AVE",255
"27161","ST",302
"27163","N",2399
"27165","ST",181
"27167","AVE",242
"27169","ST",395
"27171","NE",1101
"27173","ST",250
"28001","RD",419
"28003","ST",221
"28005","RD",355
"28007","RD",162
"28009","RD",359
"28011","RD",599
"28013","ST",188
"28015","RD",203
"28017","ST",158
"28019","RD",451
"28021","RD",267
"28023","ST",142
"28025","RD",453
"28027","RD",370
"28029","LN",505
"28031","RD",502
"28033","DR",1510
"28035","RD",631
"28037","RD",283
"28039","RD",678
"28041","RD",632
"28043","RD",529
"28045","ST",926
"28047","DR",1402
"28049","DR",1478
"28051","RD",507
"28053","RD",388
"28055","RD",188
"28057","RD",858
"28059","RD",1042
"28061","ST",69
"28063","RD",382
"28065","RD",414
"28067","RD",1287
"28069","RD",789
"28071","DR",285
"28073","RD",851
"28075","RD",705
"28077","LN",365
"28079","RD",609
"28081","DR",770
"28083","ST",324
"28085","SE",276
"28087","RD",664
"28091","LN",416
"28099","RD",131
"28103","RD",370
"28105","RD",574
"28107","RD",652
"28115","RD",303
"28123","RD",566
"28131","RD",568
"28139","ST",138
"28147","RD",579
"28153","DR",512
"28161","RD",227
"28163","RD",404
"29009","RD",358
"29011","RD",247
"29013","ST",410
"29015","RD",736
"29017","ST",103
"29019","DR",1361
"29021","ST",877
"29023","LN",379
"29025","DR",292
"29027","DR",392
"29029","DR",1654
"29031","LN",760
"29033","ST",267
"29035","ST",103
"29037","ST",1581
"29039","RD",1173
"29041","RD",351
"29043","RD",904
"29045","ST",229
"29047","ST",2654
"29049","ST",449
"29051","DR",581
"29053","ST",191
"29055","RD",470
"29057","ST",187
"29059","RD",413
"29061","ST",591
"29063","RD",416
"29065","ST",170
"29067","AVE",79
"29069","ST",703
"29071","DR",1238
"29073","RD",404
"29075","ST",485
"29077","ST",2007
"29079","ST",549
"29081","ST",509
"29083","RD",796
"29085","ST",105
"29087","RD",188
"29089","ST",185
"29091","ST",375
"29093","RD",215
"29095","ST",5482
"29097","ST",1190
"29099","DR",3184
"29101","RD",1198
"29103","ST",129
"29105","DR",445
"29107","ST",589
"29109","ST",495
"29111","ST",511
"29113","DR",692
"29115","ST",414
"29117","ST",300
"29119","RD",590
"29121","ST",588
"29123","ST",108
"29125","ST",61
"29127","ST",380
"29129","ST",262
"29131","RD",772
"29133","ST",353
"29135","RD",365
"29137","ST",196
"29139","RD",453
"29141","RD",1040
"29143","ST",398
"29145","LN",714
"29147","ST",896
"29149","ST",135
"29151","LN",411
"29153","DR",124
"29155","ST",363
"29157","LN",266
"29159","RD",568
"29161","RD",338
"29163","ST",332
"29165","ST",1007
"29167","RD",1176
"29169","LN",467
"29171","ST",251
"29173","RD",177
"29175","ST",353
"29177","ST",605
"29179","ST",69
"29181","ST",125
"29183","DR",4034
"29185","RD",630
"29186","RD",274
"29187","ST",805
"29189","DR",8283
"29195","AVE",397
"29197","ST",181
"29199","ST",126
"29201","ST",532
"29203","ST",119
"29205","ST",224
"29207","ST",515
"29209","LN",1014
"29211","RD",339
"29213","RD",899
"29215","RD",425
"29217","RD",1557
"29219","DR",701
"29221","RD",980
"29223","ST",195
"29225","RD",539
"29227","ST",137
"29229","RD",411
"29510","AVE",1439
"30001","RD",532
"30003","RD",326
"30005","RD",462
"30007","PVT1",404
"30009","RD",576
"30011","RD",273
"30013","RD",408
"30015","RD",510
"30017","ST",175
"30019","RD",234
"30021","ST",117
"30023","RD",183
"30025","RD",84
"30027","RD",411
"30029","RD",1035
"30031","RD",1140
"30033","RD",176
"30035","RD",336
"30037","RD",136
"30039","RD",360
"30041","RD",236
"30043","RD",523
"30045","RD",399
"30047","LN",732
"30049","RD",813
"30051","RD",152
"30053","RD",962
"30055","RD",175
"30057","RD",543
"30059","RD",226
"30061","RD",285
"30063","RD",816
"30065","RD",295
"30067","RD",496
"30069","RD",72
"30071","RD",213
"30073","RD",400
"30075","RD",258
"30077","RD",425
"30079","RD",95
"30081","LN",843
"30083","ST",52
"30085","ST",111
"30087","RD",343
"30089","RD",569
"30091","RD",265
"30093","ST",497
"30095","RD",448
"30097","RD",176
"30099","NE",232
"30101","RD",307
"30103","RD",90
"30105","RD",478
"30107","RD",196
"30109","RD",83
"30111","DR",946
"31001","AVE",412
"31003","RD",265
"31005","RD",47
"31007","RD",19
"31009","RD",54
"31011","ST",400
"31013","ST",130
"31015","RD",170
"31021","ST",190
"31023","ST",259
"31025","ST",570
"31027","AVE",259
"31029","ST",161
"31031","RD",227
"31033","ST",153
"31035","ST",267
"31037","ST",221
"31041","RD",405
"31043","ST",356
"31057","RD",74
"31059","ST",230
"31071","AVE",102
"31075","LN",65
"31085","ST",27
"31087","ST",101
"31099","RD",165
"31101","ST",227
"31103","RD",110
"31105","ST",147
"31107","RD",351
"31109","ST",2957
"31111","RD",873
"31113","ST",26
"31115","RD",77
"31117","RD",57
"31119","ST",374
"31121","RD",279
"31123","ST",122
"31125","ST",335
"31127","ST",205
"31129","ST",199
"31131","RD",346
"31133","ST",158
"31135","ST",47
"31137","RD",174
"31139","ST",211
"31141","ST",542
"31143","ST",130
"31145","ST",200
"31147","ST",267
"31149","RD",128
"31151","ST",288
"31153","ST",1825
"31155","ST",470
"31157","ST",369
"31159","ST",264
"31161","RD",292
"31163","RD",276
"31165","RD",255
"31167","RD",163
"31169","ST",211
"31171","ST",40
"31173","RD",183
"31175","RD",218
"31177","LN",283
"31179","ST",140
"31181","ST",138
"31183","AVE",88
"31185","ST",211
"32001","RD",274
"32003","ST",11412
"32005","CT",446
"32007","ST",530
"32009","RD",106
"32011","ST",139
"32013","RD",488
"32015","RD",157
"32017","RD",354
"32019","ST",413
"32021","RD",183
"32023","ST",1046
"32027","RD",333
"32029","RD",158
"32031","CT",2656
"32033","ST",208
"32510","DR",391
"33001","RD",1316
"33003","RD",2294
"33005","RD",1652
"33007","RD",1388
"33009","RD",2863
"33011","RD",3225
"33013","RD",2318
"33015","RD",2930
"33017","RD",1052
"33019","RD",1365
"34001","AVE",2605
"34003","AVE",2796
"34005","RD",1866
"34007","AVE",3006
"34009","AVE",1067
"34011","RD",651
"34013","ST",1486
"34015","AVE",1520
"34017","ST",919
"34019","RD",1267
"34021","AVE",1118
"34023","ST",2280
"34025","DR",2237
"34027","RD",2650
"34029","DR",2623
"34031","AVE",1069
"34033","RD",513
"34035","RD",1261
"34037","RD",1422
"34039","AVE",1381
"34041","RD",819
"35001","NE",4498
"35003","RD",346
"35005","RD",1242
"35006","RD",878
"35007","RD",438
"35009","ST",364
"35011","RD",318
"35013","RD",1444
"35015","RD",839
"35017","RD",794
"35019","RD",279
"35021","RD",245
"35023","RD",409
"35025","ST",770
"35027","RD",600
"35028","ST",160
"35029","RD",738
"35031","RD",1190
"35033","RD",163
"35035","RD",762
"35037","ST",218
"35039","RD",387
"35041","ST",158
"35043","NE",1748
"35045","ST",457
"35047","RD",497
"35049","RD",1318
"35051","RD",501
"35053","RD",443
"35055","RD",1210
"35057","RD",674
"35059","RD",449
"35061","RD",911
"36001","RD",1388
"36003","RD",1366
"36005","AVE",1011
"36007","RD",1346
"36009","RD",1662
"36011","RD",1114
"36013","RD",1271
"36015","RD",668
"36017","RD",1125
"36019","RD",1016
"36021","RD",1486
"36023","RD",700
"36025","RD",1982
"36027","RD",2268
"36029","DR",1970
"36031","RD",1032
"36033","RD",1230
"36035","RD",690
"36037","RD",591
"36039","RD",1246
"36041","RD",552
"36043","RD",1234
"36045","RD",1511
"36047","ST",1474
"36049","RD",995
"36051","RD",818
"36053","RD",1090
"36055","DR",2499
"36057","RD",676
"36059","AVE",3597
"36061","ST",763
"36063","ST",833
"36065","RD",1961
"36067","RD",1938
"36069","RD",800
"36071","RD",2501
"36073","RD",433
"36075","RD",1032
"36077","RD",1625
"36079","RD",1373
"36081","ST",2696
"36083","RD",1506
"36085","AVE",1383
"36087","CT",1046
"36089","RD",2043
"36091","RD",1505
"36093","RD",552
"36095","RD",1188
"36097","RD",686
"36099","RD",518
"36101","RD",2303
"36103","RD",4898
"36105","RD",2476
"36107","RD",890
"36109","RD",902
"36111","RD",2694
"36113","RD",1293
"36115","RD",935
"36117","RD",925
"36119","RD",3517
"36121","RD",594
"36123","RD",657
"37001","DR",1109
"37003","LN",643
"37005","LN",516
"37007","RD",568
"37009","RD",863
"37011","LN",802
"37013","RD",665
"37015","RD",257
"37017","RD",608
"37019","SW",1776
"37021","RD",2774
"37023","RD",753
"37025","NW",921
"37027","LN",759
"37029","RD",139
"37031","DR",720
"37033","RD",482
"37035","DR",1043
"37037","RD",991
"37039","RD",1169
"37041","RD",146
"37043","DR",259
"37045","DR",1064
"37047","RD",610
"37049","RD",734
"37051","DR",2464
"37053","RD",335
"37055","RD",479
"37057","DR",1447
"37059","LN",522
"37061","LN",971
"37063","DR",1519
"37065","LN",516
"37067","DR",2313
"37069","DR",610
"37071","DR",1848
"37073","LN",121
"37075","RD",353
"37077","RD",471
"37079","RD",242
"37081","DR",2891
"37083","ST",522
"37085","LN",1304
"37087","DR",1402
"37089","DR",1780
"37091","RD",284
"37093","RD",530
"37095","RD",185
"37097","LN",1878
"37099","RD",1805
"37101","DR",1319
"37103","LN",253
"37105","DR",418
"37107","RD",658
"37109","LN",904
"37111","DR",1242
"37113","RD",1947
"37115","RD",989
"37117","RD",348
"37119","DR",5143
"37121","RD",521
"37123","DR",454
"37125","RD",1130
"37127","RD",795
"37129","DR",1346
"37131","ST",291
"37133","CT",991
"37135","RD",1079
"37137","RD",301
"37139","DR",287
"37141","RD",573
"37143","RD",151
"37145","RD",738
"37147","DR",1027
"37149","LN",487
"37151","RD",1197
"37153","RD",630
"37155","RD",1726
"37157","RD",1073
"37159","RD",1053
"37161","RD",921
"37163","LN",1057
"37165","RD",398
"37167","RD",737
"37169","RD",1268
"37171","LN",1790
"37173","RD",802
"37175","RD",1032
"37177","RD",112
"37179","DR",1218
"37181","LN",513
"37183","DR",6435
"37185","RD",547
"37187","RD",167
"37189","RD",1339
"37191","DR",895
"37193","RD",1325
"37195","RD",419
"37197","RD",758
"37199","RD",759
"38001","NE",201
"38003","SE",556
"38005","NE",623
"38007","W",69
"38009","NW",364
"38011","SW",141
"38013","NW",467
"38015","DR",502
"38017","S",1107
"38019","NE",611
"38021","SE",440
"38023","NW",625
"38025","SW",407
"38027","NE",292
"38029","SE",477
"38031","NE",184
"38033","SW",197
"38035","NE",429
"38037","SW",554
"38039","NE",220
"38041","SW",419
"38043","SE",558
"38045","SE",464
"38047","SE",389
"38049","N",409
"38051","SE",461
"38053","NW",777
"38055","NW",768
"38057","SW",312
"38059","ST",401
"38061","NW",774
"38063","NE",454
"38065","SW",291
"38067","NE",404
"38069","NE",417
"38071","NE",629
"38073","SE",292
"38075","NW",315
"38077","SE",501
"38079","NE",421
"38081","SE",357
"38083","NE",329
"38085","ST",111
"38087","SW",110
"38089","SW",839
"38091","NE",120
"38093","SE",1036
"38095","NE",395
"38097","NE",194
"38099","NE",495
"38101","NW",679
"38103","NE",411
"38105","NW",891
"39001","RD",719
"39003","ST",543
"39005","ST",255
"39007","RD",604
"39009","RD",808
"39011","ST",453
"39013","RD",1021
"39015","RD",629
"39017","DR",2009
"39019","SW",269
"39021","RD",349
"39023","DR",595
"39025","DR",1131
"39027","RD",327
"39029","ST",942
"39031","ST",307
"39033","ST",382
"39035","DR",3219
"39037","RD",548
"39039","RD",326
"39041","DR",1459
"39043","ST",445
"39045","ST",551
"39047","ST",182
"39049","DR",5192
"39051","ST",286
"39053","RD",747
"39055","DR",639
"39057","DR",1364
"39059","RD",693
"39061","DR",2470
"39063","ST",453
"39065","ST",446
"39067","RD",657
"39069","ST",314
"39071","RD",524
"39073","RD",717
"39075","ST",207
"39077","ST",456
"39079","RD",642
"39081","ST",646
"39083","RD",580
"39085","DR",1340
"39087","ST",466
"39089","DR",780
"39091","ST",497
"39093","DR",1102
"39095","DR",1777
"39097","RD",244
"39099","AVE",1203
"39101","ST",402
"39103","DR",991
"39105","RD",641
"39107","ST",440
"39109","ST",542
"39111","RD",459
"39113","DR",2500
"39115","RD",553
"39117","RD",381
"39119","RD",889
"39121","RD",693
"39123","DR",584
"39125","ST",292
"39127","ST",435
"39129","RD",400
"39131","RD",489
"39133","DR",794
"39135","RD",428
"39137","ST",510
"39139","RD",748
"39141","RD",603
"39143","ST",471
"39145","RD",770
"39147","ST",495
"39149","RD",373
"39151","NW",3416
"39153","DR",2618
"39155","RD",646
"39157","ST",625
"39159","RD",328
"39161","RD",378
"39163","RD",456
"39165","DR",1358
"39167","RD",958
"39169","RD",607
"39171","ST",501
"39173","RD",767
"39175","ST",222
"40001","RD",862
"40003","RD",756
"40005","RD",1060
"40007","ST",59
"40009","RD",493
"40011","RD",793
"40013","RD",1194
"40015","RD",604
"40017","ST",908
"40019","RD",796
"40021","RD",1578
"40023","RD",716
"40025","RD",819
"40027","ST",1752
"40029","RD",401
"40031","RD",1108
"40033","AVE",115
"40035","RD",911
"40037","AVE",983
"40039","RD",772
"40041","RD",2147
"40043","RD",465
"40045","RD",613
"40047","RD",965
"40049","RD",782
"40051","RD",966
"40053","RD",516
"40055","RD",315
"40057","RD",210
"40059","RD",599
"40061","RD",472
"40063","RD",670
"40065","ST",359
"40067","RD",344
"40069","RD",457
"40071","RD",617
"40073","RD",384
"40075","RD",439
"40077","RD",561
"40079","RD",927
"40081","RD",1371
"40083","RD",872
"40085","RD",624
"40087","ST",626
"40089","RD",582
"40091","RD",1127
"40093","RD",394
"40095","RD",583
"40097","RD",1083
"40099","RD",487
"40101","ST",888
"40103","RD",482
"40105","RD",449
"40107","RD",519
"40109","ST",4671
"40111","RD",1269
"40113","RD",755
"40115","RD",747
"40117","RD",801
"40119","RD",823
"40121","RD",1437
"40123","RD",788
"40125","RD",1282
"40127","RD",465
"40129","RD",536
"40131","RD",1318
"40133","RD",630
"40135","RD",1639
"40137","RD",732
"40139","RD",877
"40141","RD",326
"40143","ST",7550
"40145","AVE",1113
"40147","RD",686
"40149","RD",581
"40151","RD",290
"40153","RD",589
"41001","RD",627
"41003","DR",453
"41005","RD",1991
"41007","RD",687
"41009","RD",634
"41011","RD",1074
"41013","RD",720
"41015","RD",418
"41017","RD",1308
"41019","SP",1594
"41021","RD",156
"41023","RD",772
"41025","RD",556
"41027","RD",238
"41029","RD",1115
"41031","RD",735
"41033","RD",746
"41035","FS",9956
"41037","RD",650
"41039","ST",2523
"41041","ST",1087
"41043","ST",723
"41045","RD",781
"41047","NE",2551
"41049","RD",331
"41051","AVE",3751
"41053","NW",686
"41055","RD",142
"41057","RD",768
"41059","RD",1504
"41061","RD",378
"41063","RD",452
"41065","RD",850
"41067","AVE",2121
"41069","RD",140
"41071","ST",1100
"42001","RD",798
"42003","ST",7015
"42005","RD",1548
"42007","ST",1452
"42009","RD",1759
"42011","RD",2162
"42013","LN",1133
"42015","RD",2213
"42017","RD",2939
"42019","LN",1625
"42021","ST",1928
"42023","RD",285
"42025","ST",654
"42027","RD",1358
"42029","RD",2619
"42031","RD",948
"42033","RD",2155
"42035","LN",849
"42037","RD",1008
"42039","RD",1434
"42041","DR",1395
"42043","ST",2220
"42045","RD",3451
"42047","RD",898
"42049","DR",1257
"42051","RD",1867
"42053","RD",450
"42055","RD",1205
"42057","RD",386
"42059","RD",1003
"42061","RD",1127
"42063","RD",1430
"42065","RD",1136
"42067","RD",655
"42069","ST",1851
"42071","RD",2333
"42073","RD",805
"42075","ST",1324
"42077","ST",3731
"42079","ST",3128
"42081","RD",1620
"42083","RD",639
"42085","RD",1117
"42087","LN",869
"42089","RD",1889
"42091","RD",3749
"42093","RD",344
"42095","ST",2125
"42097","ST",1267
"42099","RD",764
"42101","ST",6187
"42103","RD",1198
"42105","RD",780
"42107","ST",2462
"42109","RD",1029
"42111","RD",1717
"42113","RD",560
"42115","RD",1328
"42117","RD",1525
"42119","RD",481
"42121","RD",911
"42123","RD",600
"42125","ST",1897
"42127","RD",1334
"42129","ST",3013
"42131","RD",504
"42133","RD",2935
"44001","ST",318
"44003","ST",1091
"44005","RD",520
"44007","ST",4078
"44009","RD",1414
"45001","RD",492
"45003","RD",1556
"45005","RD",298
"45007","RD",1934
"45009","RD",472
"45011","RD",382
"45013","DR",1952
"45015","LN",2537
"45017","LN",270
"45019","RD",2677
"45021","RD",831
"45023","RD",658
"45025","RD",1022
"45027","RD",688
"45029","LN",847
"45031","DR",963
"45033","DR",327
"45035","DR",855
"45037","RD",348
"45039","RD",487
"45041","RD",1328
"45043","DR",739
"45045","DR",2892
"45047","RD",736
"45049","RD",482
"45051","DR",2717
"45053","RD",519
"45055","RD",861
"45057","RD",901
"45059","RD",1153
"45061","RD",461
"45063","CT",1731
"45065","RD",469
"45067","RD",740
"45069","RD",437
"45071","RD",719
"45073","DR",2676
"45075","RD",1312
"45077","DR",1266
"45079","RD",2511
"45081","RD",564
"45083","RD",2605
"45085","RD",907
"45087","RD",488
"45089","RD",603
"45091","RD",1541
"46003","ST",290
"46005","ST",318
"46007","ST",32
"46009","ST",292
"46011","ST",350
"46013","ST",695
"46015","ST",251
"46017","RD",48
"46019","RD",370
"46021","ST",172
"46023","ST",373
"46025","ST",183
"46027","ST",263
"46029","ST",262
"46031","ST",121
"46033","RD",474
"46035","ST",288
"46037","ST",379
"46039","ST",187
"46041","ST",79
"46043","ST",179
"46045","AVE",411
"46047","RD",368
"46049","ST",310
"46051","ST",243
"46053","ST",438
"46055","ST",175
"46057","ST",225
"46059","ST",344
"46061","ST",183
"46063","RD",135
"46065","AVE",285
"46067","ST",403
"46069","ST",149
"46071","RD",159
"46073","ST",160
"46075","AVE",109
"46077","ST",307
"46079","AVE",221
"46081","RD",543
"46083","ST",607
"46085","ST",306
"46087","AVE",200
"46089","ST",319
"46091","ST",270
"46093","RD",484
"46095","ST",84
"46097","ST",215
"46099","AVE",1162
"46101","ST",214
"46102","RD",249
"46103","RD",878
"46105","RD",151
"46107","ST",261
"46109","ST",320
"46111","ST",249
"46115","ST",552
"46117","ST",82
"46119","ST",181
"46121","ST",115
"46123","ST",574
"46125","ST",284
"46127","ST",361
"46129","ST",332
"46135","ST",364
"46137","RD",60
"47001","LN",906
"47003","RD",531
"47005","RD",470
"47007","RD",680
"47009","DR",1064
"47011","NW",670
"47013","LN",1096
"47015","LN",441
"47017","RD",413
"47019","RD",1152
"47021","RD",558
"47023","RD",249
"47025","LN",687
"47027","RD",533
"47029","WAY",972
"47031","RD",636
"47033","RD",340
"47035","RD",844
"47037","DR",2911
"47039","RD",390
"47041","RD",521
"47043","RD",880
"47045","RD",453
"47047","DR",404
"47049","RD",639
"47051","LN",868
"47053","RD",644
"47055","RD",1005
"47057","RD",460
"47059","RD",815
"47061","RD",437
"47063","DR",541
"47065","DR",1856
"47067","RD",471
"47069","RD",378
"47071","LN",641
"47073","RD",1121
"47075","RD",386
"47077","RD",492
"47079","RD",574
"47081","RD",740
"47083","RD",272
"47085","RD",385
"47087","LN",516
"47089","RD",641
"47091","RD",498
"47093","LN",2704
"47095","RD",109
"47097","RD",384
"47099","RD",893
"47101","RD",506
"47103","RD",640
"47105","RD",503
"47107","RD",692
"47109","RD",489
"47111","RD",349
"47113","DR",725
"47115","RD",734
"47117","RD",546
"47119","RD",742
"47121","LN",253
"47123","RD",905
"47125","DR",1166
"47127","RD",255
"47129","RD",821
"47131","RD",754
"47133","LN",587
"47135","RD",392
"47137","RD",353
"47139","RD",386
"47141","RD",865
"47143","LN",627
"47145","RD",836
"47147","RD",707
"47149","DR",1642
"47151","RD",595
"47153","RD",441
"47155","WAY",1610
"47157","DR",4408
"47159","LN",634
"47161","RD",447
"47163","DR",1381
"47165","DR",991
"47167","RD",496
"47169","LN",149
"47171","RD",816
"47173","RD",496
"47175","RD",319
"47177","RD",665
"47179","RD",1169
"47181","RD",695
"47183","RD",687
"47185","RD",569
"47187","DR",1343
"47189","DR",783
"48001","ST",452
"48003","ST",120
"48005","RD",931
"48007","ST",387
"48009","RD",259
"48011","ST",96
"48013","ST",355
"48015","RD",566
"48017","ST",72
"48019","RD",577
"48021","RD",629
"48023","RD",168
"48025","ST",462
"48027","DR",2668
"48029","DR",4988
"48031","RD",408
"48033","RD",25
"48035","ST",297
"48037","ST",937
"48039","DR",2166
"48041","DR",1015
"48043","RD",311
"48045","ST",41
"48047","ST",147
"48049","ST",405
"48051","ST",234
"48053","DR",732
"48055","ST",360
"48057","ST",365
"48059","ST",273
"48061","ST",1781
"48063","ST",95
"48065","ST",135
"48067","ST",369
"48069","ST",124
"48071","RD",421
"48073","ST",522
"48075","NW",36
"48077","RD",370
"48079","ST",90
"48081","RD",224
"48083","ST",291
"48085","DR",8638
"48087","ST",76
"48089","RD",615
"48091","DR",1163
"48093","ST",233
"48095","ST",116
"48097","ST",428
"48099","ST",404
"48101","ST",57
"48103","ST",101
"48105","ST",86
"48107","RD",66
"48109","RD",163
"48111","ST",121
"48113","DR",10516
"48115","ST",140
"48117","ST",173
"48119","ST",80
"48121","DR",5016
"48123","RD",455
"48125","ST",66
"48127","ST",233
"48129","ST",267
"48131","ST",201
"48133","ST",444
"48135","AVE",869
"48137","RD",66
"48139","DR",1198
"48141","DR",3933
"48143","ST",252
"48145","ST",315
"48147","ST",587
"48149","RD",531
"48151","ST",114
"48153","ST",254
"48155","ST",79
"48157","LN",4182
"48159","ST",106
"48161","ST",240
"48163","ST",259
"48165","ST",102
"48167","DR",1689
"48169","ST",58
"48171","RD",601
"48173","RD",31
"48175","RD",174
"48177","ST",251
"48179","ST",363
"48181","RD",1388
"48183","ST",1164
"48185","LN",320
"48187","LN",594
"48189","ST",527
"48191","ST",180
"48193","ST",238
"48195","ST",81
"48197","RD",228
"48199","RD",810
"48201","DR",19024
"48203","RD",708
"48205","RD",63
"48207","ST",131
"48209","DR",1256
"48211","ST",76
"48213","DR",1017
"48215","ST",5248
"48217","ST",483
"48219","RD",271
"48221","CT",1162
"48223","ST",243
"48225","ST",298
"48227","ST",409
"48229","RD",202
"48231","ST",776
"48233","ST",505
"48235","RD",139
"48237","RD",354
"48239","ST",281
"48241","ST",276
"48243","RD",155
"48245","ST",1537
"48247","ST",94
"48249","ST",417
"48251","DR",1003
"48253","ST",287
"48255","ST",306
"48257","DR",957
"48259","RD",410
"48261","RD",30
"48263","ST",33
"48265","RD",630
"48267","RD",206
"48269","ST",18
"48271","ST",107
"48273","ST",201
"48275","ST",159
"48277","ST",359
"48279","ST",231
"48281","ST",214
"48283","ST",175
"48285","ST",382
"48287","ST",194
"48289","ST",235
"48291","ST",550
"48293","ST",421
"48295","ST",112
"48297","ST",156
"48299","DR",404
"48301","ST",11
"48303","ST",2707
"48305","ST",95
"48307","ST",296
"48309","DR",1479
"48311","RD",101
"48313","LN",211
"48315","RD",304
"48317","ST",102
"48319","RD",333
"48321","RD",505
"48323","ST",327
"48325","ST",196
"48327","RD",98
"48329","DR",551
"48331","ST",405
"48333","ST",90
"48335","ST",216
"48337","RD",646
"48339","DR",4211
"48341","ST",129
"48343","ST",250
"48345","ST",44
"48347","ST",536
"48349","ST",530
"48351","RD",151
"48353","ST",282
"48355","DR",2420
"48357","ST",119
"48359","ST",88
"48361","ST",1135
"48363","RD",490
"48365","ST",240
"48367","DR",955
"48369","ST",103
"48371","ST",400
"48373","RD",980
"48375","ST",685
"48377","ST",254
"48379","ST",42
"48381","DR",661
"48383","RD",166
"48385","RD",173
"48387","ST",337
"48389","ST",313
"48391","ST",223
"48393","RD",74
"48395","RD",442
"48397","DR",1048
"48399","ST",278
"48401","ST",561
"48403","DR",420
"48405","ST",124
"48407","RD",584
"48409","ST",584
"48411","ST",178
"48413","ST",72
"48415","ST",214
"48417","ST",105
"48419","ST",278
"48421","ST",70
"48423","DR",1405
"48425","ST",68
"48427","ST",953
"48429","ST",150
"48431","P",69
"48433","ST",46
"48435","ST",108
"48437","ST",90
"48439","DR",10234
"48441","ST",991
"48443","RD",140
"48445","ST",239
"48447","RD",117
"48449","ST",270
"48451","ST",868
"48453","DR",5538
"48455","RD",613
"48457","RD",211
"48459","RD",678
"48461","ST",79
"48463","ST",313
"48465","ST",482
"48467","ST",409
"48469","ST",668
"48471","RD",626
"48473","RD",479
"48475","ST",326
"48477","LN",389
"48479","DR",923
"48481","ST",620
"48483","ST",208
"48485","ST",743
"48487","ST",205
"48489","ST",203
"48491","DR",2825
"48493","DR",304
"48495","ST",157
"48497","ST",542
"48499","ST",432
"48501","ST",99
"48503","RD",397
"48505","ST",169
"48507","ST",220
"49001","ST",167
"49003","RD",693
"49005","N",757
"49007","RD",1067
"49009","RD",235
"49011","W",1652
"49013","W",428
"49015","RD",262
"49017","RD",285
"49019","CANYON",300
"49021","W",687
"49023","RD",348
"49025","RD",332
"49027","ST",425
"49029","RD",83
"49031","RD",134
"49033","CIR",106
"49035","S",6687
"49037","RD",767
"49039","ST",392
"49041","RD",451
"49043","RD",636
"49045","RD",1773
"49047","RD",669
"49049","ST",5352
"49051","RD",313
"49053","DR",1350
"49055","RD",351
"49057","ST",1869
"50001","RD",1007
"50003","RD",1100
"50005","RD",939
"50007","RD",1167
"50009","RD",447
"50011","RD",1075
"50013","RD",215
"50015","RD",764
"50017","RD",1300
"50019","RD",923
"50021","RD",1329
"50023","RD",1616
"50025","RD",1779
"50027","RD",2132
"51001","LN",570
"51003","LN",875
"51005","RD",193
"51007","LN",147
"51009","RD",537
"51011","LN",239
"51013","ST",815
"51015","LN",1136
"51017","RD",236
"51019","RD",846
"51021","LN",108
"51023","RD",389
"51025","RD",273
"51027","RD",1382
"51029","RD",317
"51031","RD",474
"51033","RD",288
"51035","RD",708
"51036","RD",97
"51037","LN",430
"51041","DR",1744
"51043","LN",403
"51045","RD",182
"51047","LN",590
"51049","RD",220
"51051","RD",377
"51053","RD",298
"51057","RD",279
"51059","CT",5011
"51061","LN",748
"51063","NE",202
"51065","LN",272
"51067","LN",886
"51069","LN",677
"51071","LN",313
"51073","LN",604
"51075","RD",382
"51077","LN",678
"51079","RD",246
"51081","RD",134
"51083","RD",369
"51085","LN",802
"51087","CT",1545
"51089","DR",705
"51091","RD",150
"51093","LN",332
"51095","RD",355
"51097","RD",213
"51099","DR",262
"51101","RD",187
"51103","RD",348
"51105","DR",806
"51107","CT",1570
"51109","RD",420
"51111","RD",312
"51113","RD",233
"51115","LN",215
"51117","RD",505
"51119","RD",213
"51121","RD",530
"51125","LN",534
"51127","RD",302
"51131","LN",266
"51133","LN",378
"51135","RD",263
"51137","RD",411
"51139","RD",461
"51141","RD",472
"51143","RD",851
"51145","RD",216
"51147","RD",391
"51149","DR",233
"51153","CT",2179
"51155","RD",325
"51157","LN",481
"51159","RD",130
"51161","DR",723
"51163","LN",1010
"51165","LN",904
"51167","RD",560
"51169","DR",565
"51171","RD",564
"51173","LN",406
"51175","RD",225
"51177","LN",919
"51179","LN",751
"51181","RD",103
"51183","RD",194
"51185","RD",907
"51187","RD",461
"51191","DR",630
"51193","RD",255
"51195","RD",1000
"51197","RD",443
"51199","RD",395
"51510","ST",327
"51520","ST",178
"51530","ST",105
"51540","ST",169
"51550","CT",1172
"51570","AVE",165
"51580","AVE",90
"51590","ST",371
"51595","ST",114
"51600","DR",106
"51610","ST",90
"51620","ST",92
"51630","ST",161
"51640","ST",107
"51650","DR",569
"51660","ST",138
"51670","ST",195
"51678","ST",69
"51680","ST",546
"51683","CT",202
"51685","CT",76
"51690","ST",255
"51700","DR",671
"51710","AVE",879
"51720","NW",67
"51730","ST",321
"51735","DR",87
"51740","ST",422
"51750","ST",157
"51760","ST",1025
"51770","NW",622
"51775","ST",177
"51790","ST",298
"51800","CT",340
"51810","CT",2493
"51820","AVE",176
"51830","ST",71
"51840","ST",142
"53001","RD",808
"53003","ST",143
"53005","ST",1166
"53007","RD",1777
"53009","RD",1026
"53011","ST",4386
"53013","RD",242
"53015","RD",849
"53017","NE",543
"53019","RD",879
"53021","RD",472
"53023","RD",166
"53025","NE",890
"53027","ST",939
"53029","LN",1136
"53031","ST",662
"53033","ST",11696
"53035","NE",1336
"53037","RD",759
"53039","RD",962
"53041","RD",1103
"53043","RD",682
"53045","RD",794
"53047","RD",1846
"53049","ST",516
"53051","RD",522
"53053","E",10283
"53055","LN",662
"53057","LN",852
"53059","RD",717
"53061","SE",5449
"53063","RD",2779
"53065","RD",1241
"53067","SE",3658
"53069","RD",190
"53071","RD",618
"53073","ST",1086
"53075","RD",997
"53077","RD",1567
"54001","RD",417
"54003","DR",992
"54005","RD",713
"54007","RD",714
"54009","ST",230
"54011","RD",977
"54013","RD",279
"54015","RD",446
"54017","RD",340
"54019","RD",1233
"54021","RD",260
"54023","RD",257
"54025","RD",978
"54027","RD",927
"54029","ST",394
"54031","RD",582
"54033","ST",949
"54035","RD",723
"54037","LN",669
"54039","RD",2053
"54041","RD",417
"54043","RD",697
"54045","RD",1070
"54047","RD",915
"54049","ST",757
"54051","RD",289
"54053","RD",638
"54055","RD",1204
"54057","RD",425
"54059","RD",496
"54061","RD",1020
"54063","RD",653
"54065","LN",801
"54067","RD",992
"54069","ST",367
"54071","RD",369
"54073","RD",265
"54075","RD",510
"54077","RD",757
"54079","RD",598
"54081","RD",939
"54083","RD",479
"54085","RD",346
"54087","RD",361
"54089","RD",580
"54091","RD",308
"54093","RD",306
"54095","RD",272
"54097","RD",506
"54099","RD",798
"54101","RD",327
"54103","RD",349
"54105","RD",186
"54107","ST",887
"54109","RD",795
"55001","AVE",351
"55003","RD",756
"55005","ST",1323
"55007","RD",1496
"55009","CT",920
"55011","RD",538
"55013","RD",883
"55015","RD",343
"55017","ST",1434
"55019","RD",780
"55021","RD",814
"55023","RD",521
"55025","RD",2228
"55027","RD",934
"55029","RD",854
"55031","RD",1379
"55033","ST",868
"55035","RD",597
"55037","RD",493
"55039","ST",649
"55041","RD",564
"55043","ST",818
"55045","RD",478
"55047","ST",276
"55049","RD",538
"55051","RD",556
"55053","RD",899
"55055","ST",593
"55057","RD",572
"55059","AVE",1247
"55061","RD",258
"55063","RD",705
"55065","RD",397
"55067","RD",549
"55069","RD",761
"55071","ST",642
"55073","ST",1014
"55075","RD",1200
"55077","ST",189
"55078","RD",220
"55079","ST",3174
"55081","AVE",747
"55083","LN",1117
"55085","RD",1380
"55087","ST",1045
"55089","CT",557
"55091","LN",179
"55093","ST",800
"55095","ST",927
"55097","RD",536
"55099","RD",737
"55101","DR",834
"55103","LN",636
"55105","DR",960
"55107","RD",585
"55109","ST",804
"55111","RD",802
"55113","RD",1207
"55115","RD",719
"55117","ST",568
"55119","RD",265
"55121","RD",688
"55123","RD",768
"55125","RD",1526
"55127","RD",865
"55129","RD",772
"55131","DR",923
"55133","DR",2602
"55135","RD",993
"55137","AVE",289
"55139","ST",714
"55141","ST",583
"56001","RD",673
"56003","ST",204
"56005","RD",518
"56007","ST",474
"56009","RD",317
"56011","RD",506
"56013","RD",777
"56015","RD",174
"56017","RD",207
"56019","RD",307
"56021","RD",832
"56023","RD",421
"56025","RD",856
"56027","RD",179
"56029","RD",473
"56031","RD",478
"56033","RD",410
"56035","RD",489
"56037","ST",428
"56039","RD",875
"56041","RD",198
"56043","RD",282
"56045","RD",209
"60010","001",10
"60020","20",3
"60050","RD",11
"66010","ST",1213
"69100","RD",13
"69110","DR",171
"69120","BROADWAY",3
"72001","10",10
"72003","VECINAL",52
"72005","A",19
"72007","781",11
"72009","FLORES",7
"72011","A",21
"72013","2",93
"72015","3",23
"72017","4",19
"72019","TORRES",15
"72021","1",108
"72023","NOMBRE",73
"72025","ST",217
"72027","RIVERA",16
"72029","1",41
"72031","1",43
"72033","INTERIOR",27
"72035","3",28
"72037","DR",24
"72039","615",10
"72041","CAMINO",24
"72043","2",27
"72045","781",9
"72047","VECINAL",77
"72049","FONT",9
"72051","2",22
"72053","3",42
"72054","CHIMENEA",15
"72055","2",33
"72057","VECINAL",38
"72059","PASTO",86
"72061","1",38
"72063","2",28
"72065","2",76
"72067","ENTRADA",15
"72069","2",36
"72071","2",22
"72073","143",19
"72075","1",58
"72077","3",20
"72079","PRINCIPAL",18
"72081","453",12
"72083","SUR",10
"72085","1",18
"72087","1",20
"72089","2",19
"72091","VECINAL",17
"72093","366",17
"72095","PRIV",19
"72097","VECINAL",28
"72099","VECINAL",24
"72101","CAM",18
"72103","3",18
"72105","FERRER",19
"72107","143",25
"72109","757",18
"72111","1",19
"72113","2",84
"72115","NIEVES",15
"72117","SALIDA",34
"72119","1",29
"72121","2",15
"72123","1",41
"72125","2",21
"72127","1",126
"72129","NOMBRE",26
"72131","NOMBRE",48
"72133","1",33
"72135","1",55
"72137","2",25
"72139","2",55
"72141","621",15
"72143","VECINAL",126
"72145","A",25
"72147","NOMBRE",8
"72149","C",17
"72151","PRIV",44
"72153","1",22
"78010","RD",199
"78020","RD",86
"78030","RD",203
